{
    "repeat_offender": {
        "algorithm": "RandomForest",
        "test_metrics": {
            "accuracy": 1.0,
            "precision": 1.0,
            "recall": 1.0,
            "f1": 1.0,
            "roc_auc": 1.0,
            "calibration": {
                "true_probs": [
                    0.0,
                    1.0,
                    1.0
                ],
                "pred_probs": [
                    0.0,
                    0.6,
                    0.9997333333333334
                ]
            },
            "confusion_matrix": [
                [
                    4667,
                    0
                ],
                [
                    0,
                    76
                ]
            ]
        }
    },
    "chargesheet_delay": {
        "algorithm": "RandomForest",
        "test_metrics": {
            "mae": 4.834635719194876,
            "rmse": 7.143246212985172,
            "r2": 0.9382052917734809,
            "residuals": [
                -1.9325536867111026,
                -1.8314166666666836,
                3.951388680650851,
                -1.2658185376714641,
                -2.121333333333311,
                2.062540371580347,
                -0.7828756576726903,
                -1.1100117521367423,
                -2.162966732743101,
                2.443605563554101,
                0.7278676728382933,
                0.3157066577804244,
                -1.8249011435366498,
                0.34075768340215973,
                -1.4476255262101887,
                3.5055356127960664,
                -16.795535259850297,
                -6.042717319528421,
                3.087750131812669,
                -1.3891802478567286,
                -0.8825755106159505,
                -1.451442544928895,
                18.124579098462704,
                -3.2507780215763518,
                0.4264778671588658,
                2.597266683590618,
                2.3799458593386618,
                -11.628428204313693,
                -2.4530021701168323,
                -3.27670692559105,
                -1.5450249952023327,
                -1.9665899169672372,
                -2.962069765194613,
                0.6375760205802692,
                1.269282843084369,
                -1.7495961051592133,
                -0.731974290220009,
                -11.56687012907345,
                -0.542555225402154,
                0.646539790521345,
                15.018099896890476,
                2.234524960357035,
                -1.046967259801292,
                -3.018197536244813,
                -0.6020877779483271,
                -3.333632449074969,
                9.227740728135188,
                0.9978609184696978,
                4.469760827407896,
                4.5648892174894655,
                0.6036967754467639,
                -3.0388534128781544,
                -2.9278005854472724,
                4.629612018607645,
                0.7247296375223726,
                -0.15728417415915885,
                3.4089474574910312,
                -8.541548106331405,
                -11.145807436324645,
                -1.3780348377113114,
                12.837500625181164,
                -0.6216011610938068,
                4.177295505936215,
                -1.1162641443094117,
                -15.051084383787241,
                0.13620503423138075,
                11.781088554166928,
                2.301089105339088,
                -1.2028440905358977,
                4.722185794725689,
                -5.108230198378493,
                1.468361818736824,
                -1.3083333333333371,
                4.175240422781812,
                -5.635150523953143,
                -16.37819765747267,
                -2.3044392052743063,
                -10.11836157796455,
                1.4783333333333246,
                -8.897431328285109,
                0.48026997678842065,
                -2.8736957585806806,
                1.937533649051474,
                -17.219823365178854,
                -1.1945173605192423,
                -4.341438359767523,
                3.7201532873826366,
                -1.457771354649779,
                14.794198335941104,
                1.8006800113175174,
                1.701587107337076,
                -3.958871482559587,
                2.3449632034631946,
                -0.9594057869804828,
                8.727067363156777,
                2.181678421062905,
                -13.145807436324645,
                -14.399026286001913,
                -0.8568351356860973,
                1.2678174106087994,
                5.374400880633871,
                5.231930804379317,
                -7.012202141555022,
                2.028804690515983,
                2.1286666666666747,
                -0.35119927677239104,
                -1.844931839264973,
                3.1525000000000034,
                6.927728010347366,
                3.392302569187194,
                2.794198335941104,
                -1.121086456998782,
                -0.6166666666666742,
                -1.5453481403640552,
                -5.733634137215063,
                2.239999999999995,
                1.7394166666666706,
                0.32161183261183623,
                17.052546441655323,
                -4.979350704850731,
                4.685610420871853,
                0.1057402828898546,
                -1.536165945165962,
                10.881900830560028,
                -5.329469739784571,
                -1.7627754467754642,
                -6.4427323376155385,
                0.5392491314821228,
                -3.297796152522082,
                -4.069761769781223,
                -12.252839397640912,
                -8.590953331786011,
                1.3867696921704606,
                4.1432575989071765,
                18.365142953967876,
                -0.007751102739533167,
                -5.418263308885912,
                2.6896553216792967,
                -1.1627631282723314,
                1.9712132034631935,
                -1.8219994566693885,
                0.2417044067044003,
                -9.680453093810371,
                0.6620218670218492,
                -0.5219372203509494,
                -3.1297451159951493,
                -13.056866460026782,
                12.814545251600322,
                6.199924999057458,
                -2.1235446637899287,
                -0.6126743897792011,
                1.8299568819784895,
                2.8163236650773342,
                5.359782717162446,
                -0.8675000000000068,
                2.790451536343326,
                2.2606470263478116,
                1.2937777777777768,
                -10.868179176461382,
                -4.189088296156413,
                -3.7134701843831195,
                4.175240422781812,
                2.8716672574876725,
                3.3704566157669547,
                0.14386600313179088,
                2.718236942280157,
                2.115065842317769,
                -0.053895235730664126,
                -0.6830125738386101,
                -0.1806666666666672,
                -1.1900342323654627,
                20.132458005451085,
                -4.415048274645997,
                17.498367750788134,
                1.4454227660702088,
                13.84851513394915,
                -4.468471400933055,
                -6.028623801434847,
                0.742717928108334,
                3.662935882244014,
                -1.837119658119633,
                5.257225266044074,
                -3.8335015435910407,
                14.6882360655556,
                0.9688240093239813,
                -3.594105741480732,
                -0.8365752703573008,
                -4.533104818011104,
                3.6012425121640277,
                6.193588298028388,
                -3.574970771525038,
                2.2976725218699414,
                -3.100545343545363,
